<?xml version="1.0" ?>
<manifest identifier="nw2ScYE3oxbeJGq_XAT918lI8UjEFPQHw9SzcGh9" version="1"
  xmlns="http://www.imsproject.org/xsd/imscp_rootv1p1p2"
  xmlns:adlcp="http://www.adlnet.org/xsd/adlcp_rootv1p2"
  xmlns:xsi="http://www.w3.org/2001/XMLSchema-instance"
  xsi:schemaLocation="http://www.imsproject.org/xsd/imscp_rootv1p1p2 imscp_rootv1p1p2.xsd
                      http://www.adlnet.org/xsd/adlcp_rootv1p2 adlcp_rootv1p2.xsd">
  <metadata>
    <schema>ADL SCORM</schema>
    <schemaversion>1.2</schemaversion>
    <adlcp:location>metadata.xml</adlcp:location>
  </metadata>
  <organizations default="articulate_rise">
      <organization identifier="articulate_rise">
      <title>Intro to BIO181: Introduction to Biology I: Unit 2: Bioenergetics and Metabolism</title>
      <item identifier="i1" identifierref="r1" isvisible="true">
        <title>Intro to BIO181: Introduction to Biology I: Unit 2: Bioenergetics and Metabolism</title>
        <adlcp:datafromlms>eyJjcHYiOiJ3OVN6Y0doOSIsInJsZCI6ZmFsc2V9</adlcp:datafromlms>
      </item>
    </organization>
  </organizations>
  <resources>
    <resource identifier="r1" type="webcontent" adlcp:scormtype="sco" href="scormdriver/indexAPI.html">
      <!-- SCORMDRIVER STUFF -->
      <file href="scormdriver/indexAPI.html" />
      <file href="scormdriver/preloadIntegrity.js" />
      <file href="scormdriver/driverOptions.js" />
      <file href="scormdriver/AICCComm.html" />
      <file href="scormdriver/auto-scripts/AutoBookmark.js" />
      <file href="scormdriver/auto-scripts/AutoCompleteSCO.js" />
      <file href="scormdriver/auto-scripts/CourseExit.js" />
      <file href="scormdriver/blank.html" />
      <file href="scormdriver/goodbye.html" />
      <file href="scormdriver/scormdriver.js" />
      <file href="scormdriver/browsersniff.js" />

      <!-- RUNTIME COMMON STUFF -->
      <file href="scormcontent/index.html" />

      
        <file href="scormcontent/lib/fonts/icomoon.ttf"/>
        <file href="scormcontent/lib/fonts/icomoon.woff"/>

        <file href="scormcontent/lib/icomoon.css"/>
        <file href="scormcontent/lib/player-0.0.11.min.js"/>
        <file href="scormcontent/lib/lzwcompress.js"/>
      

      <!-- FRONTEND BUNDLE ASSETS -->
      <file href="scormcontent/lib/rise/6c5492cc.js" />
<file href="scormcontent/lib/rise/b7e6275d.css" />
<file href="scormcontent/lib/rise/76816457.js" />
<file href="scormcontent/lib/rise/0ec1ba07.css" />
<file href="scormcontent/lib/rise/70739749.js" />
<file href="scormcontent/lib/rise/5ce3f37c.js" />
<file href="scormcontent/lib/rise/e8c73cc3.js" />
<file href="scormcontent/lib/rise/d6851af1.js" />
<file href="scormcontent/lib/rise/3c4d17f3.js" />
<file href="scormcontent/lib/mondrian/entry.js" />
<file href="scormcontent/lib/mondrian/f29f3d92.js" />
<file href="scormcontent/lib/mondrian/4d907763.js" />
<file href="scormcontent/lib/mondrian/215fe725.js" />
<file href="scormcontent/lib/mondrian/c16e7dd3.js" />
<file href="scormcontent/lib/mondrian/5ebb90af.js" />
<file href="scormcontent/lib/mondrian/825dd797.js" />
<file href="scormcontent/lib/mondrian/beccd965.js" />
<file href="scormcontent/lib/mondrian/56ae9b9c.js" />


      <!-- RUNTIME CONTENT STUFF -->
      <file href="scormcontent/lib/fonts/Lato-Black.woff" />
<file href="scormcontent/lib/fonts/Lato-Italic.woff" />
<file href="scormcontent/lib/fonts/Lato-Bold.woff" />
<file href="scormcontent/lib/fonts/Lato-Regular.woff" />
<file href="scormcontent/lib/fonts/Lato-Light.woff" />
<file href="scormcontent/lib/fonts/Merriweather-Black.woff" />
<file href="scormcontent/lib/fonts/Merriweather-Italic.woff" />
<file href="scormcontent/lib/fonts/Merriweather-Bold.woff" />
<file href="scormcontent/lib/fonts/Merriweather-Regular.woff" />
<file href="scormcontent/lib/fonts/Merriweather-Light.woff" />
<file href="scormcontent/assets/small_1734039605618.png" />
<file href="scormcontent/assets/0tiwnuMrqIc9BQkF.jpg" />
<file href="scormcontent/assets/1000000307.jpg" />
<file href="scormcontent/assets/1000000309.jpg" />
<file href="scormcontent/assets/1000000147.jpg" />
<file href="scormcontent/assets/1000000149.jpg" />
<file href="scormcontent/assets/1000000151.jpg" />
<file href="scormcontent/assets/stock-image.jpg" />
<file href="scormcontent/assets/iG0P2y/stock-image.jpg" />
<file href="scormcontent/assets/1000000155.jpg" />
<file href="scormcontent/assets/SfFBma/stock-image.jpg" />
<file href="scormcontent/assets/JDWTgm/stock-image.jpg" />
<file href="scormcontent/assets/1000000156.jpg" />
<file href="scormcontent/assets/1000000158.jpg" />
<file href="scormcontent/assets/1000000159.jpg" />
<file href="scormcontent/assets/8MLyi_s8O5lFMiFF_073_full.png" />
<file href="scormcontent/assets/zfSD318J0LyuwpZy_120_full.png" />
<file href="scormcontent/assets/oylmGY4G26EXerF6_184_full.png" />
<file href="scormcontent/assets/FrP1R3BCKJ4DQe0H_117_full.png" />
<file href="scormcontent/assets/yhUWbo61ebPEV8bG_198_full.png" />
<file href="scormcontent/assets/0jtkNtl5Yu2pI0Vk_183_full.png" />
<file href="scormcontent/assets/hEMAgImCSR7gxUIn_096_full.png" />
<file href="scormcontent/assets/1uoXhw7YnSsQcUEU_089_full.png" />
<file href="scormcontent/assets/R0mqYeRXDQq1vSZO_092_full.png" />
<file href="scormcontent/assets/YJDtLDFmPcuyAkpM_102_full.png" />
<file href="scormcontent/assets/JTnjrDd-zWGzyCu6_088_full.png" />
<file href="scormcontent/assets/j23nbN8yvWlBCQbR_200_full.png" />
<file href="scormcontent/assets/OZAxL3KI1_tKlu1C_185_full.png" />

      <file href="scormcontent/locales/und.js" />

    </resource>
  </resources>
</manifest>
